<?xml version="1.0" encoding="utf-8"?>
<extension type="module" version="2.5.0" client="site" method="upgrade">
    <name>MD Social</name>
    <author>M. Hiddink</author>
	<creationDate>27-05-2013</creationDate>
	<authorEmail>support@mardinkwebdesign.com</authorEmail>
	<authorUrl>http://www.mardinkwebdesign.com/</authorUrl>
    <version>1.1.1</version>
    <license>GNU GPL v3 or later</license>
	<description>MOD_MDSOCIAL_DESCRIPTION</description>
	
    <files>
        <filename module="mod_mdsocial">mod_mdsocial.php</filename>
        <filename>index.html</filename>
        <folder>assets</folder>
        <folder>tmpl</folder>
        <folder>languages</folder>
    </files>
 <languages folder="languages">
<language tag="en-GB">en-GB/en-GB.mod_mdsocial.ini</language>
<language tag="en-GB">en-GB/en-GB.mod_mdsocial.sys.ini</language>
<language tag="nl-NL">nl-NL/nl-NL.mod_mdsocial.ini</language>
<language tag="nl-NL">nl-NL/nl-NL.mod_mdsocial.sys.ini</language>
</languages>   
<config>
<fields name="params">
	<fieldset name="basic">
					<field name="target" type="radio" class="btn-group" default="1" label="MOD_MDSOCIAL_TARGET_LABEL" description="MOD_MDSOCIAL_TARGET_DESCR">
    		<option value="1">MOD_MDSOCIAL_TARGET_YES</option>
    		<option value="0">MOD_MDSOCIAL_TARGET_NO</option>
    		</field>
				<field name="size" type="radio" class="btn-group" default="48x48" label="MOD_MDSOCIAL_SIZE_LABEL" description="MOD_MDSOCIAL_SIZE_DESCR">
    		<option value="60x60">MOD_MDSOCIAL_SIZE_LARGE</option>
    		<option value="48x48">MOD_MDSOCIAL_SIZE_MEDIUM</option>
    		<option value="24x24">MOD_MDSOCIAL_SIZE_SMALL</option>
			</field>
			<field name="twitter" type="radio" class="btn-group" default="1" label="MOD_MDSOCIAL_TWITTER_LABEL" description="MOD_MDSOCIAL_TWITTER_DESCR">
    		<option value="1">MOD_MDSOCIAL_SHOW</option>
    		<option value="0">MOD_MDSOCIAL_HIDE</option>
			</field>
    	<field name="twitterlink" type="text" size="32" default="" label="MOD_MDSOCIAL_TWITTERLINK_LABEL" description="MOD_MDSOCIAL_TWITTERLINK_DESCR" />
    	 	<field name="facebook" type="radio" class="btn-group" default="1" label="MOD_MDSOCIAL_FACEBOOK_LABEL" description="MOD_MDSOCIAL_FACEBOOK_DESCR">
    		<option value="1">MOD_MDSOCIAL_SHOW</option>
    		<option value="0">MOD_MDSOCIAL_HIDE</option>
			</field>
    	<field name="facebooklink" type="text" size="32" default="" label="MOD_MDSOCIAL_FACEBOOKLINK_LABEL" description="MOD_MDSOCIAL_FACEBOOKLINK_DESCR" />
			<field name="github" type="radio" class="btn-group" default="1" label="MOD_MDSOCIAL_GITHUB_LABEL" description="MOD_MDSOCIAL_GITHUB_DESCR">
    		<option value="1">MOD_MDSOCIAL_SHOW</option>
    		<option value="0">MOD_MDSOCIAL_HIDE</option>
			</field>
    	<field name="githublink" type="text" size="32" default="" label="MOD_MDSOCIAL_GITHUBLINK_LABEL" description="MOD_MDSOCIAL_GITHUBLINK_DESCR" />	
			<field name="joomla" type="radio" class="btn-group" default="1" label="MOD_MDSOCIAL_JOOMLA_LABEL" description="MOD_MDSOCIAL_JOOMLA_DESCR">
    		<option value="1">MOD_MDSOCIAL_SHOW</option>
    		<option value="0">MOD_MDSOCIAL_HIDE</option>
			</field>
    	<field name="joomlalink" type="text" size="32" default="" label="MOD_MDSOCIAL_JOOMLALINK_LABEL" description="MOD_MDSOCIAL_JOOMLALINK_DESCR" />	
	<field name="linkedin" type="radio" class="btn-group" default="1" label="MOD_MDSOCIAL_LINKEDIN_LABEL" description="MOD_MDSOCIAL_LINKEDIN_DESCR">
    		<option value="1">MOD_MDSOCIAL_SHOW</option>
    		<option value="0">MOD_MDSOCIAL_HIDE</option>
			</field>
    	<field name="linkedinlink" type="text" size="32" default="" label="MOD_MDSOCIAL_LINKEDINLINK_LABEL" description="MOD_MDSOCIAL_LINKEDINLINK_DESCR" />
	</fieldset>
	<fieldset name="advanced">
				<field name="moduleclass_sfx" type="text" label="COM_MODULES_FIELD_MODULECLASS_SFX_LABEL" description="COM_MODULES_FIELD_MODULECLASS_SFX_DESC" />
			</fieldset>
</fields>
</config>
<updateservers>
    <server type="extension" priority="1"
        name="MD Social Update"><![CDATA[http://www.mardinkwebdesign.com/index.php?option=com_ars&view=update&task=stream&format=xml&id=2&dummy=extension.xml]]></server>
</updateservers>
</extension>